configuration,reference_ms,optimized_ms,delta_ms,speedup,repeats
"Grayscale PNG
Cell diameter: 30 pixels",209.9649150040932,132.18512599996757,-77.77978900412563,1.5884155907537185,5
"RGB PNG
Cell diameter: 30 pixels",156.96379300788976,122.25029499677476,-34.71349801111501,1.283954308756726,5
"RGB TIFF
Cell diameter: 30 pixels",147.8209600027185,108.61431500234175,-39.20664500037674,1.3609712495036352,5
"Grayscale PNG
Cell diameter: 15 pixels",469.6934770036023,430.6156640086556,-39.077812994946726,1.0907487029876397,5
"RGB PNG
Cell diameter: 15 pixels",214.1730299917981,195.35408000228927,-18.818949989508837,1.0963325157544102,5
"RGB TIFF
Cell diameter: 15 pixels",216.44057999947108,187.02767000650056,-29.412909992970526,1.1572650185501867,5
