configuration,stage,reference_ms,optimized_ms,saved_ms,speedup,repeats
cpsam_v2 · Grayscale PNG,eval,308.7378550117137,297.8968839888694,10.840971022844315,1.0363916898951162,5
cpsam_v2 · Grayscale PNG,masks,66.15447299554944,58.705094998003915,7.449377997545525,1.1268949142795668,5
cpsam_v2 · RGB PNG,eval,153.6592900083633,153.9108870056225,-0.2515969972591847,0.9983653073401494,5
cpsam_v2 · RGB PNG,masks,57.90883999725338,51.16950499359518,6.739335003658198,1.1317060816691846,5
cpsam_v2 · RGB TIFF,eval,161.8659800005844,154.22745599062182,7.638524009962566,1.0495276535614193,5
cpsam_v2 · RGB TIFF,masks,58.043052995344624,50.133526005083695,7.909526990260929,1.1577692139479454,5
cpsam · Grayscale PNG,eval,306.62320800183807,314.8334829893429,-8.210274987504818,0.9739218493867035,5
cpsam · Grayscale PNG,masks,72.27217199397273,61.44184099684935,10.830330997123383,1.176269636804645,5
cpsam · RGB PNG,eval,168.2015520054847,163.40343900083099,4.798113004653715,1.029363598673277,5
cpsam · RGB PNG,masks,67.49008900078479,52.65373201109469,14.836356989690103,1.2817721825788897,5
cpsam · RGB TIFF,eval,159.706747988821,152.96114099328406,6.745606995536946,1.0441001351829162,5
cpsam · RGB TIFF,masks,54.82322500029113,45.27992800285574,9.543296997435391,1.2107621946049365,5
cpsam_v2 · 3D grayscale,eval,3178.561529988656,3174.9150620016735,3.646467986982316,1.0011485245796412,3
cpsam_v2 · 3D grayscale,masks,39.25164400425274,25.34735799417831,13.90428601007443,1.5485497152511087,3
