checkpoint,image,diameter,mode,reference_ms,mode_ms,saved_ms,speedup,reference_object_mean_iou,prediction_object_mean_iou,missing_cells_max,extra_cells_max
cpsam_v2,gray_2D.png,,exact,616.3297540042549,609.8430730053224,6.48668099893257,1.010636639630858,1.0,1.0,0,0
cpsam_v2,gray_2D.png,,standard_batch32,616.3297540042549,571.9981899892446,44.33156401501037,1.0775029795388757,1.0,1.0,0,0
cpsam_v2,gray_2D.png,,fast,616.3297540042549,644.662213002448,-28.332458998193033,0.9560506906923588,0.9950824986755634,0.9950824986755634,0,0
cpsam_v2,rgb_2D.png,,exact,315.6421999883605,315.01554399437737,0.6266559939831495,1.0019892859445512,1.0,1.0,0,0
cpsam_v2,rgb_2D.png,,standard_batch32,315.6421999883605,227.82880399608985,87.81339599227067,1.3854358819079688,1.0,1.0,0,0
cpsam_v2,rgb_2D.png,,fast,315.6421999883605,322.2961849969579,-6.653985008597374,0.9793544406718305,0.9974511161055911,0.9974511161055911,0,0
cpsam_v2,rgb_2D_tif.tif,,exact,325.99101100640837,317.19315599184483,8.797855014563538,1.0277365852584466,1.0,1.0,0,0
cpsam_v2,rgb_2D_tif.tif,,standard_batch32,325.99101100640837,318.17312599741854,7.817885008989833,1.024571166984899,1.0,1.0,0,0
cpsam_v2,rgb_2D_tif.tif,,fast,325.99101100640837,325.19438200688455,0.7966289995238185,1.0024497009899358,0.9986945884390762,0.9986945884390762,0,0
cpsam,gray_2D.png,,exact,612.5786019983934,607.2339419915807,5.344660006812774,1.008801648981089,1.0,1.0,0,0
cpsam,gray_2D.png,,standard_batch32,612.5786019983934,566.1788220022572,46.3997799961362,1.0819525178141531,1.0,1.0,0,0
cpsam,gray_2D.png,,fast,612.5786019983934,643.5373929998605,-30.958791001467034,0.9518927861252132,0.9953238610068265,0.9909197731262653,0,1
cpsam,rgb_2D.png,,exact,322.9472239909228,317.45494999631774,5.492273994605057,1.0173009555991135,1.0,1.0,0,0
cpsam,rgb_2D.png,,standard_batch32,322.9472239909228,317.344116003369,5.603107987553813,1.017656252960097,1.0,1.0,0,0
cpsam,rgb_2D.png,,fast,322.9472239909228,322.3669430008158,0.580280990106985,1.0018000635695004,0.9970978792059138,0.9970978792059138,0,0
cpsam,rgb_2D_tif.tif,,exact,329.9209529941436,311.42730099963956,18.493651994504035,1.0593835284676132,1.0,1.0,0,0
cpsam,rgb_2D_tif.tif,,standard_batch32,329.9209529941436,318.7338530115085,11.187099982635118,1.035098562254795,1.0,1.0,0,0
cpsam,rgb_2D_tif.tif,,fast,329.9209529941436,317.883060008171,12.037892985972576,1.0378689351538994,0.9985859889358281,0.9985859889358281,0,0
